<?xml version="1.0" encoding="UTF-8"?>
<export version="D">
  <design>
    <source>/home/john/Dropbox/Personal/my stuff/school/Master/Projet/cad/v1/KiCad/db9.sch</source>
    <date>Wed 10 Feb 2016 11:00:48 AM CET</date>
    <tool>Eeschema (2015-11-06 BZR 6302)-product</tool>
    <sheet number="1" name="/" tstamps="/">
      <title_block>
        <title/>
        <company/>
        <rev/>
        <date/>
        <source>db9.sch</source>
        <comment number="1" value=""/>
        <comment number="2" value=""/>
        <comment number="3" value=""/>
        <comment number="4" value=""/>
      </title_block>
    </sheet>
  </design>
  <components>
    <comp ref="U1">
      <value>Arduino_Pro_Mini</value>
      <libsource lib="KiCad-FGE-lib" part="Arduino_Pro_Mini"/>
      <sheetpath names="/" tstamps="/"/>
      <tstamp>567E7A64</tstamp>
    </comp>
    <comp ref="U4">
      <value>MPU-Breakout</value>
      <libsource lib="KiCad-FGE-lib" part="MPU-Breakout"/>
      <sheetpath names="/" tstamps="/"/>
      <tstamp>567E7ACB</tstamp>
    </comp>
    <comp ref="U3">
      <value>NRF24_m</value>
      <libsource lib="KiCad-FGE-lib" part="NRF24_m"/>
      <sheetpath names="/" tstamps="/"/>
      <tstamp>56BAF0E8</tstamp>
    </comp>
    <comp ref="U2">
      <value>Lithium_charger</value>
      <libsource lib="KiCad-FGE-lib" part="Lithium_charger"/>
      <sheetpath names="/" tstamps="/"/>
      <tstamp>56BAF147</tstamp>
    </comp>
    <comp ref="Vout1">
      <value>CONN_01X01</value>
      <libsource lib="conn" part="CONN_01X01"/>
      <sheetpath names="/" tstamps="/"/>
      <tstamp>56BAF403</tstamp>
    </comp>
    <comp ref="XDA1">
      <value>CONN_01X01</value>
      <libsource lib="conn" part="CONN_01X01"/>
      <sheetpath names="/" tstamps="/"/>
      <tstamp>56BAF461</tstamp>
    </comp>
    <comp ref="XCL1">
      <value>CONN_01X01</value>
      <libsource lib="conn" part="CONN_01X01"/>
      <sheetpath names="/" tstamps="/"/>
      <tstamp>56BAF4FB</tstamp>
    </comp>
    <comp ref="RF_IRQ1">
      <value>CONN_01X01</value>
      <libsource lib="conn" part="CONN_01X01"/>
      <sheetpath names="/" tstamps="/"/>
      <tstamp>56BAF76D</tstamp>
    </comp>
    <comp ref="IN+1">
      <value>CONN_01X01</value>
      <libsource lib="conn" part="CONN_01X01"/>
      <sheetpath names="/" tstamps="/"/>
      <tstamp>56BAF8EC</tstamp>
    </comp>
    <comp ref="IN-1">
      <value>CONN_01X01</value>
      <libsource lib="conn" part="CONN_01X01"/>
      <sheetpath names="/" tstamps="/"/>
      <tstamp>56BAF94D</tstamp>
    </comp>
    <comp ref="C1">
      <value>10uF</value>
      <libsource lib="device" part="CP"/>
      <sheetpath names="/" tstamps="/"/>
      <tstamp>56BAFA9F</tstamp>
    </comp>
    <comp ref="TX1">
      <value>CONN_01X01</value>
      <libsource lib="conn" part="CONN_01X01"/>
      <sheetpath names="/" tstamps="/"/>
      <tstamp>56BAFD97</tstamp>
    </comp>
    <comp ref="RX1">
      <value>CONN_01X01</value>
      <libsource lib="conn" part="CONN_01X01"/>
      <sheetpath names="/" tstamps="/"/>
      <tstamp>56BAFDF5</tstamp>
    </comp>
  </components>
  <libparts>
    <libpart lib="KiCad-FGE-lib" part="Arduino_Pro_Mini">
      <fields>
        <field name="Reference">U</field>
        <field name="Value">Arduino_Pro_Mini</field>
      </fields>
      <pins>
        <pin num="1" name="D1/TX" type="BiDi"/>
        <pin num="2" name="D0/RX" type="BiDi"/>
        <pin num="3" name="RST" type="BiDi"/>
        <pin num="4" name="GND" type="power_in"/>
        <pin num="5" name="D2" type="BiDi"/>
        <pin num="6" name="D3" type="BiDi"/>
        <pin num="7" name="D4" type="BiDi"/>
        <pin num="8" name="D5" type="BiDi"/>
        <pin num="9" name="D6" type="BiDi"/>
        <pin num="10" name="D7" type="BiDi"/>
        <pin num="11" name="D8" type="BiDi"/>
        <pin num="12" name="D9" type="BiDi"/>
        <pin num="13" name="D10" type="BiDi"/>
        <pin num="14" name="D11" type="BiDi"/>
        <pin num="15" name="D12" type="BiDi"/>
        <pin num="16" name="D13" type="BiDi"/>
        <pin num="17" name="A0" type="BiDi"/>
        <pin num="18" name="A1" type="BiDi"/>
        <pin num="19" name="A2" type="BiDi"/>
        <pin num="20" name="A3" type="BiDi"/>
        <pin num="21" name="VCC" type="power_out"/>
        <pin num="22" name="RST" type="BiDi"/>
        <pin num="23" name="GND" type="power_in"/>
        <pin num="24" name="RAW" type="power_in"/>
        <pin num="25" name="A4/SDA" type="BiDi"/>
        <pin num="26" name="A5/SCL" type="BiDi"/>
      </pins>
    </libpart>
    <libpart lib="conn" part="CONN_01X01">
      <footprints>
        <fp>Pin_Header_Straight_1X01</fp>
        <fp>Pin_Header_Angled_1X01</fp>
        <fp>Socket_Strip_Straight_1X01</fp>
        <fp>Socket_Strip_Angled_1X01</fp>
      </footprints>
      <fields>
        <field name="Reference">P</field>
        <field name="Value">CONN_01X01</field>
      </fields>
      <pins>
        <pin num="1" name="P1" type="passive"/>
      </pins>
    </libpart>
    <libpart lib="device" part="CP">
      <description>Polarised capacitor</description>
      <footprints>
        <fp>CP*</fp>
        <fp>Elko*</fp>
        <fp>TantalC*</fp>
        <fp>C*elec</fp>
        <fp>c_elec*</fp>
        <fp>SMD*_Pol</fp>
      </footprints>
      <fields>
        <field name="Reference">C</field>
        <field name="Value">CP</field>
      </fields>
      <pins>
        <pin num="1" name="~" type="passive"/>
        <pin num="2" name="~" type="passive"/>
      </pins>
    </libpart>
    <libpart lib="KiCad-FGE-lib" part="Lithium_charger">
      <fields>
        <field name="Reference">U</field>
        <field name="Value">Lithium_charger</field>
      </fields>
      <pins>
        <pin num="1" name="IN+" type="power_in"/>
        <pin num="2" name="IN-" type="power_in"/>
        <pin num="3" name="BAT-" type="power_out"/>
        <pin num="4" name="BAT+" type="power_out"/>
      </pins>
    </libpart>
    <libpart lib="KiCad-FGE-lib" part="MPU-Breakout">
      <fields>
        <field name="Reference">U</field>
        <field name="Value">MPU-Breakout</field>
      </fields>
      <pins>
        <pin num="1" name="VCC" type="power_in"/>
        <pin num="2" name="GND" type="power_in"/>
        <pin num="3" name="SCL" type="BiDi"/>
        <pin num="4" name="SDA" type="BiDi"/>
        <pin num="5" name="XDA" type="BiDi"/>
        <pin num="6" name="XCL" type="BiDi"/>
        <pin num="7" name="AD0" type="BiDi"/>
        <pin num="8" name="INT" type="BiDi"/>
      </pins>
    </libpart>
    <libpart lib="KiCad-FGE-lib" part="NRF24_m">
      <fields>
        <field name="Reference">U</field>
        <field name="Value">NRF24_m</field>
      </fields>
      <pins>
        <pin num="1" name="GND" type="power_in"/>
        <pin num="2" name="Vcc" type="power_in"/>
        <pin num="3" name="CE" type="BiDi"/>
        <pin num="4" name="SS" type="BiDi"/>
        <pin num="5" name="SCK" type="BiDi"/>
        <pin num="6" name="MOSI" type="BiDi"/>
        <pin num="7" name="MISO" type="BiDi"/>
        <pin num="8" name="IRQ" type="BiDi"/>
      </pins>
    </libpart>
  </libparts>
  <libraries>
    <library logical="KiCad-FGE-lib">
      <uri>KiCad-FGE-lib.lib</uri>
    </library>
    <library logical="device">
      <uri>/usr/local/share/kicad/library/device.lib</uri>
    </library>
    <library logical="conn">
      <uri>/usr/local/share/kicad/library/conn.lib</uri>
    </library>
  </libraries>
  <nets>
    <net code="1" name="GND">
      <node ref="U4" pin="2"/>
      <node ref="C1" pin="2"/>
      <node ref="U1" pin="4"/>
      <node ref="U3" pin="1"/>
      <node ref="U1" pin="23"/>
      <node ref="U2" pin="3"/>
    </net>
    <net code="2" name="Net-(IN-1-Pad1)">
      <node ref="IN-1" pin="1"/>
      <node ref="U2" pin="2"/>
    </net>
    <net code="3" name="Net-(IN+1-Pad1)">
      <node ref="U2" pin="1"/>
      <node ref="IN+1" pin="1"/>
    </net>
    <net code="4" name="VCC">
      <node ref="U4" pin="1"/>
      <node ref="C1" pin="1"/>
      <node ref="U1" pin="21"/>
      <node ref="U3" pin="2"/>
      <node ref="U2" pin="4"/>
    </net>
    <net code="5" name="/CE">
      <node ref="U1" pin="7"/>
      <node ref="U3" pin="3"/>
    </net>
    <net code="6" name="Net-(RF_IRQ1-Pad1)">
      <node ref="RF_IRQ1" pin="1"/>
      <node ref="U3" pin="8"/>
    </net>
    <net code="7" name="/SS">
      <node ref="U3" pin="4"/>
      <node ref="U1" pin="13"/>
    </net>
    <net code="8" name="/SCK">
      <node ref="U1" pin="16"/>
      <node ref="U3" pin="5"/>
    </net>
    <net code="9" name="/MOSI">
      <node ref="U3" pin="6"/>
      <node ref="U1" pin="14"/>
    </net>
    <net code="10" name="/MISO">
      <node ref="U1" pin="15"/>
      <node ref="U3" pin="7"/>
    </net>
    <net code="11" name="/AD0">
      <node ref="U1" pin="17"/>
      <node ref="Vout1" pin="1"/>
      <node ref="U4" pin="7"/>
    </net>
    <net code="12" name="/INT">
      <node ref="U4" pin="8"/>
      <node ref="U1" pin="5"/>
    </net>
    <net code="13" name="Net-(TX1-Pad1)">
      <node ref="U1" pin="1"/>
      <node ref="TX1" pin="1"/>
    </net>
    <net code="14" name="Net-(RX1-Pad1)">
      <node ref="U1" pin="2"/>
      <node ref="RX1" pin="1"/>
    </net>
    <net code="15" name="Net-(U1-Pad24)">
      <node ref="U1" pin="24"/>
    </net>
    <net code="16" name="Net-(U1-Pad18)">
      <node ref="U1" pin="18"/>
    </net>
    <net code="17" name="Net-(U1-Pad19)">
      <node ref="U1" pin="19"/>
    </net>
    <net code="18" name="/SCL">
      <node ref="U4" pin="3"/>
      <node ref="U1" pin="26"/>
    </net>
    <net code="19" name="Net-(U1-Pad10)">
      <node ref="U1" pin="10"/>
    </net>
    <net code="20" name="Net-(U1-Pad3)">
      <node ref="U1" pin="3"/>
    </net>
    <net code="21" name="Net-(U1-Pad6)">
      <node ref="U1" pin="6"/>
    </net>
    <net code="22" name="Net-(U1-Pad8)">
      <node ref="U1" pin="8"/>
    </net>
    <net code="23" name="Net-(U1-Pad9)">
      <node ref="U1" pin="9"/>
    </net>
    <net code="24" name="Net-(U1-Pad20)">
      <node ref="U1" pin="20"/>
    </net>
    <net code="25" name="Net-(U1-Pad11)">
      <node ref="U1" pin="11"/>
    </net>
    <net code="26" name="Net-(U1-Pad12)">
      <node ref="U1" pin="12"/>
    </net>
    <net code="27" name="Net-(U1-Pad22)">
      <node ref="U1" pin="22"/>
    </net>
    <net code="28" name="/SDA">
      <node ref="U1" pin="25"/>
      <node ref="U4" pin="4"/>
    </net>
    <net code="29" name="Net-(U4-Pad5)">
      <node ref="U4" pin="5"/>
      <node ref="XDA1" pin="1"/>
    </net>
    <net code="30" name="Net-(U4-Pad6)">
      <node ref="U4" pin="6"/>
      <node ref="XCL1" pin="1"/>
    </net>
  </nets>
</export>
